event_id,channel_idx,input_id,peak_rank,freq_hz,period_s
4,0,1,1,1.611328125,0.6206060606060606
4,0,1,2,1.708984375,0.5851428571428572
4,0,1,3,1.8798828125,0.531948051948052
4,1,3,1,1.1474609375,0.8714893617021277
4,1,3,2,1.611328125,0.6206060606060606
4,1,3,3,2.392578125,0.4179591836734694
